Model,Total_Return_Pct,Sharpe_Ratio,Annualized_Return,Annualized_Volatility,Final_Value
MDA2C,0.20547954693603515,3.0108326573403925,1.0257623772637405,0.3257445659999228,1205479.5469360352
DDPG,0.1889518583984375,4.852275112077885,0.8361195029486433,0.16304094155326304,1188951.8583984375
Buy_n_Hold,0.157244,3.068413101098322,0.6519697351378779,0.19781226162820653,1157244.0
MDREINFORCE,0.11043414804077148,2.7855380108282026,0.5459147258880008,0.1798269217439498,1110434.1480407715
DDQN,0.0012795376281738281,-19.269120857069414,0.006699500019543558,0.00198766203526119,1001279.5376281738
DQN,0.0012795376281738281,-19.269120857069414,0.006699500019543558,0.00198766203526119,1001279.5376281738
