Model,Total_Return_Pct,Sharpe_Ratio,Annualized_Return,Annualized_Volatility,Final_Value
MDA2C,0.29392956787109376,4.9356133507310584,1.23744650289435,0.24312003749576838,129392.95678710938
DDPG,0.2506823516845705,5.107754723742698,1.0838760813081083,0.20486028360840672,125068.23516845705
MDREINFORCE,0.18148307571411118,3.544618945925445,0.8564963190913087,0.23105341690754902,118148.30757141112
Buy_n_Hold,0.15724399999999994,3.085512047878622,0.644208190671952,0.19663128234714924,115724.4
DDQN,0.0012795380000000295,-15.629280247808486,0.006619745172862394,0.001975795067816228,100127.9538
DQN,0.0012795380000000295,-15.629280247808486,0.006619745172862394,0.001975795067816228,100127.9538
